33815;49232;0.686850016;0.484282134;43054.59521;0.008972014;6882;0.451713396;0.859649123;0.936220995;93.83144189;7028.483949;0.013222553;0.58111341;0.280550886;0.113894995;0.009601707;0.001616449;139.4841382;1282.51519;0;255;145.7880628;1593.066948;0;249;184.1637485;1765.161329;4;255;1.263229273;1.320320367;1.045194562;4147132;5332880;3952816;3729127;23407.86974;27873.38813;22445.22946;21337.90785;1;1;1;1;30933494;22203733;37305167;41352545;4290488.75;23766.09879;1;32948734.75;1
5823;7493;0.777125317;0.448371448;7414.073869;0.025529525;1693;0.5;0.948717949;0.968811473;84.12526096;7029.292869;0.003991219;0.016763121;0.219716623;0.503691878;0.040710437;0.215126721;120.41124;2364.629722;0;255;108.9833296;2290.551406;0;254;106.7883586;2353.523228;0;254;0.979859571;0.886863707;0.905092661;43078;39314;34963;40612;2204.370194;1922.184244;1640.900069;2156.21302;1;1;1;1;11570466;15882554;23757866;11757485;39491.75;1980.916882;1;15742092.75;1
16980;36013;0.471496404;0.269369884;21619.60747;0.0098938;4644;0.157575758;0.660194175;0.704827503;94.14327132;8011.604262;0.003669113;0.621681121;0.36897932;0.005670447;0;0;151.4457536;2086.754506;0;255;160.0188915;935.6582619;33;243;183.2503627;262.5170125;73;255;1.145179553;1.210006608;1.056608638;194095190;199329644;152513585;144984062;157301.6978;157254.9554;137075.0316;134303.3514;1;1;1;1;10606075;11588547;17412717;17785242;172730620.3;146483.759;1;14348145.25;1
21686;25195;0.860726335;0.646147429;27611.47277;0.020969051;3605;0.461165049;0.891752577;0.988993809;95.4707117;7033.525616;0.005705342;0.021357164;0.193072806;0.76719176;0.003281834;0.009391094;79.49481659;1167.256991;0;254;90.09685008;1540.599153;0;253;108.1398724;1881.233506;3;255;1.200262521;1.360338662;1.133367607;578514;557633;486502;463338;9533.269476;9285.272257;8289.633444;8006.122965;1;1;1;1;16433933;18199356;23438017;26815460;521496.75;8778.574536;1;21221691.5;1
11652;19613;0.594095753;0.415327036;14835.78718;0.004999134;5412;0.645502646;1.167741935;0.985899669;95.18064977;6979.245481;0.049245944;0.084697305;0.322493031;0.35015367;0.061753985;0.131656065;101.7944451;2418.270963;0;255;111.4555004;2770.397152;0;254;131.1047146;4082.219418;0;255;1.176296496;1.287935845;1.094907491;88553;93014;86148;80846;2854.742224;3094.359369;2742.689794;2531.139078;1;1;1;1;87507126;74043286;94771312;109402976;87140.25;2805.732616;1;91431175;1
15474;24130;0.641276419;0.444017217;19702.10872;0.008013526;4926;0.15942029;0.829268293;0.964263606;87.48724404;7180.626138;0.000478077;0.432181396;0.518713291;0.048627237;0;0;87.32771105;542.1663493;11;188;92.43630519;474.5226813;19;191;149.807393;335.2314358;61;244;1.620655355;1.715462265;1.058499119;1572881;1631640;1298304;1420052;12176.95437;12423.36505;10447.79444;11289.69065;1;1;1;1;9386837;8653669;15563742;10553160;1480719.25;11584.45113;1;11039352;1
38474;90762;0.42389987;0.339747269;48986.61824;0.006576734;8574;0.264637002;0.697270471;0.928274706;88.32605645;7053.024135;0.006972434;0.127210144;0.155364655;0.625812715;0.001059104;0.083580948;125.5962865;4501.536058;0;255;126.8321555;4681.410308;0;255;160.3739288;4079.684395;0;255;1.264457961;1.276900243;1.009840013;6137355;5561768;4509822;4967470;40759.15939;39226.21737;33352.9868;35503.41121;1;1;1;1;94218880;97359646;156134904;139142405;5294103.75;37210.44369;1;121713958.8;1
33922;47584;0.712886685;0.521708371;43190.83184;0.004358997;9889;0.306666667;1.015810277;0.892990147;99.803996;6849.530613;0.019657225;0.574605874;0.264996402;0.140446131;0.000294368;0;125.7745922;2002.548064;0;255;131.0118446;1681.943089;0;242;178.7046415;1571.446786;32;255;1.364034237;1.420832605;1.041639987;1459823;1309378;1475526;990922;16093.56956;14814.01351;16144.91816;12046.20101;1;1;1;1;24618448;30142459;24996096;53397341;1308912.25;14774.67556;1;33288586;1
30959;37623;0.822874306;0.600853954;39418.22307;0.02137741;4266;0.661654135;0.982532751;0.900969321;88.40771975;7045.077034;0.015606242;0.191562339;0.373589436;0.411696107;0.000137198;0.007408678;87.32314188;1748.919751;0;255;99.78739525;1832.817769;0;248;150.7835176;1748.787457;4;255;1.511047736;1.726730331;1.142737115;1174230;1139264;956258;1039095;13441.58219;13062.41746;11333.50819;12161.39837;1;1;1;1;37663020;42445915;70134644;44510549;1077211.75;12499.72655;1;48688532;1
12639;24168;0.52296425;0.337841811;16092.47461;0.006220481;5053;0.345381526;1.167597765;0.95902862;85.9313752;7136.11129;0.014672037;0.410337553;0.274165708;0.29468738;0.003068661;0.003068661;110.1146543;2451.689144;0;255;120.7234626;2638.086387;0;241;172.8408838;2315.638532;6;255;1.431709132;1.569644703;1.096343292;3248118;3073914;2584305;2948030;23026.65067;22118.77792;18864.27991;21266.90137;1;1;1;1;59167643;70147166;113363498;67079859;2963591.75;21319.15247;1;77439541.5;1
24877;43486;0.572069172;0.435171256;31674.38015;0.006752728;6804;0.173010381;0.713780919;0.944298227;91.38823529;7118.478249;0.002054539;0.561449384;0.266156145;0.170293239;0;4.67E-05;120.3896773;2143.762817;0;231;130.979224;2061.348584;1;232;189.666374;1613.160787;24;255;1.448064572;1.575437183;1.087960588;1560490;1470911;1270282;1271900;16151.27816;15396.04267;13705.95475;13735.46373;1;1;1;1;14533991;17827107;24579548;22520677;1393395.75;14747.18483;1;19865330.75;1
53193;70270;0.756980219;0.522842989;67727.4311;0.007540909;9415;0.472972973;0.890532544;0.91488314;98.58724428;7390.767459;0.000705617;0.020745131;0.408572235;0.569916536;0;6.05E-05;64.01596151;670.9786384;0;230;76.16987171;653.9474709;0;235;107.1508735;575.8350985;22;255;1.406735643;1.673814951;1.189857497;11635851;9461108;8277086;8154106;41827.71737;36787.12543;33856.02456;33558.72303;1;1;1;1;11773181;20259597;25273186;26113975;9382037.75;36507.3976;1;20854984.75;1
41129;57489;0.71542382;0.507633823;52367.06924;0.009682749;7306;0.444117647;0.705014749;0.948217729;88.51396702;7067.682201;0.012397343;0.589083015;0.111183763;0.285583512;0.000340012;0.001412355;112.9268072;1250.640743;0;240;106.8858672;1479.704816;0;223;168.2699033;1706.498197;9;255;1.57429516;1.490079348;0.946505704;2617558;2787036;2141595;2283054;18862.65949;19793.14495;15902.14873;16965.72577;1;1;1;1;49282963;41761812;77362487;62319082;2457310.75;17880.91974;1;57681586;1
44959;68103;0.660161814;0.482776024;57243.57669;0.004952251;10681;0.198938992;0.665775401;0.995003615;89.43782789;6931.608491;0.010611767;0.287917345;0.363446661;0.301659202;0.035347109;0.001017915;105.2125324;1306.486917;0;255;111.420923;1641.671828;0;252;154.5413396;2702.387046;8;255;1.387004661;1.468849158;1.05900809;1355744;1710826;1237506;1164129;16226.33771;19131.58293;14912.3237;14344.48895;1;1;1;1;45870605;28391813;56665220;62647537;1367051.25;16153.68332;1;48393793.75;1
31824;39058;0.814788264;0.513688017;40519.57527;0.02852942;3744;0.358730159;0.9453125;0.967730303;88.28979115;7036.020055;0.004240401;0.03312187;0.070383973;0.430884808;0.033255426;0.428113523;94.93550793;2334.559887;0;255;76.96526598;2105.482013;0;247;107.8475786;4160.091313;0;255;1.401249996;1.136008865;0.810711057;903580;958766;763200;871605;10299.70294;10873.42056;8767.942791;10176.94002;1;1;1;1;70303125;61878877;107709759;77648079;874287.75;10029.50158;1;79384960;1
41981;56022;0.74936632;0.514927387;53451.86933;0.013380788;6279;0.498542274;0.688953488;0.968051071;95.09894354;7221.171512;0.003877271;0.020756326;0.149740223;0.808617882;0.001499212;0.015509086;95.04114072;2953.922571;0;255;94.88293962;2465.31457;0;252;116.7403221;2220.208727;6;255;1.230361565;1.228313562;0.998335446;4938572;4386298;3791974;3763121;26383.83019;24635.33046;21878.356;22090.4484;1;1;1;1;16062045;34584914;39922501;40945371;4219991.25;23746.99126;1;32878707.75;1
72327;87721;0.824511804;0.630993509;92089.59655;0.015965842;7545;0.551470588;0.72361809;0.951070831;84.31856084;7225.699785;0.00836784;0.679232804;0.243256844;0.069113757;2.88E-05;0;97.31465174;875.109468;3;242;95.80017918;840.6914258;0;233;159.0533953;1098.361513;29;255;1.660261981;1.634423928;0.984437363;2932304;3156234;2436063;3036296;19794.88033;20932.97921;16950.16052;20238.35365;1;1;1;1;57490605;47221436;92604478;42530920;2890224.25;19479.09343;1;59961859.75;1
48515;78543;0.617687127;0.489768517;61771.21651;0.005034829;11004;0.35;0.71967655;0.988832607;91.24951586;7475.096836;0;0.605600326;0.348130206;0.046269468;0;0;73.15246382;1038.838525;16;153;88.90938397;949.8893974;22;163;186.0249062;1491.984467;60;253;2.092297775;2.542975267;1.215398352;14735086;14903007;11106904;10820604;54688.46351;55129.05989;47142.39736;46452.1403;1;1;1;1;1967470;2177961;3720054;3642287;12891400.25;50853.01526;1;2876943;1
16304;22215;0.733918524;0.557916709;20758.89754;0.016507403;3523;0.361904762;1.248366013;0.945029243;95.53435897;7002.323896;0.003837609;0.094661011;0.536053323;0.338719451;0.002356426;0.024372181;88.12506151;1018.105692;0;203;111.7913915;1492.382375;0;228;147.121902;2772.937332;0;255;1.316039634;1.669467226;1.268553912;152896;192212;159758;131787;4066.31124;5137.309075;4319.953003;3476.213804;1;1;1;1;29122827;15343673;24871029;41722487;159163.25;4249.946781;1;27765004;1
4452;6036;0.737574553;0.518639329;5668.462453;0.01820544;1753;0.260869565;1.567567568;0.483238021;86.14285714;7317.746857;0.001318913;0.004220522;0.045634397;0.35927196;0.003429174;0.586125033;38.79630534;534.1546054;0;255;50.66217316;954.1021473;0;255;70.01268818;1805.692685;0;255;1.381951934;1.804622568;1.30585046;13865994;13952297;11381092;12606978;40745.40572;41110.2373;34868.23891;38163.04596;1;1;1;1;69067189;67795933;108678504;69986746;12951590.25;38721.73197;1;78882093;1
16639;19283;0.862884406;0.58832473;21185.43278;0.031780619;2565;0.622222222;0.882681564;0.988856017;98.09241159;7009.69361;0.020703662;0.190395073;0.667168971;0.116687414;0.000786215;0.004258665;110.3287723;2105.904983;0;248;147.3696111;1995.8897;0;255;180.5325445;1751.151331;0;255;1.225032374;1.636314271;1.335731451;448348;399406;363213;337724;8441.151298;7794.701116;7278.923962;6880.12347;1;1;1;1;11660607;14687977;15386171;22974890;387172.75;7598.724961;1;16177411.25;1
12356;18982;0.650932462;0.435285;15732.14781;0.005216018;5456;0.391304348;1.030120482;0.934965072;93.55236011;6932.706777;0.009968102;0.012838915;0.085087719;0.471770335;0.033811802;0.386523126;83.31197643;1419.571225;0;255;66.21402927;1308.847039;0;255;81.75718034;2061.108695;0;255;1.234741055;0.981337664;0.794772038;248469;260646;239774;209182;5479.683225;5683.007253;5229.579451;4656.594225;1;1;1;1;40979951;33991161;43236184;58484289;239517.75;5262.216038;1;44172896.25;1
15046;23829;0.631415502;0.379489508;19157.16219;0.006938889;5220;0.438297872;0.711864407;0.970409946;95.45206088;7351.77531;0.003317957;0.019260338;0.182244881;0.793801084;0;0.001375738;73.7842107;908.1591524;0;253;76.01322769;884.7406429;0;252;102.2181394;625.8159585;8;255;1.344741468;1.385366035;1.030209946;1271193;1211592;1076500;1046968;12510.77634;12043.73411;11014.47408;10827.86748;1;1;1;1;20201793;27701346;33819238;35927034;1151563.25;11599.213;1;29412352.75;1
13247;19992;0.662615046;0.463960493;16866.60425;0.017812978;3057;0.721925134;1.036144578;0.88615609;91.94488189;7442.001161;0.082304527;0.706727135;0.208196859;0.002771479;0;0;134.5776235;2002.277263;0;250;158.1492263;1755.496913;13;253;202.275265;692.28488;75;255;1.279015205;1.503037873;1.175152467;346079;360736;290150;314898;6789.370948;7004.913341;5917.749293;6285.246729;1;1;1;1;12953936;12518864;21027507;15556216;327965.75;6499.320078;1;15514130.75;1
21419;26645;0.803865641;0.564028966;27271.51781;0.022904849;3428;0.59375;0.806451613;0.993966183;94.63119639;7105.60508;0.00712315;0.005016303;0.082819162;0.878956609;0.000100326;0.025984449;53.43892882;804.9155825;0;248;69.23778327;1117.167566;0;255;86.5795273;1429.957836;3;255;1.250466483;1.62015836;1.295643172;5293141;4896140;4059184;3954118;23151.47617;21971.3901;19593.35917;18995.24028;1;1;1;1;16971713;16234052;24379778;24686890;4550645.75;20927.86643;1;20568108.25;1
11236;20523;0.547483311;0.227615266;14306.11952;0.006745892;4575;0.012307692;0.544850498;0.891211685;88.50423729;7121.635249;0.046754675;0.215291529;0.557205721;0.1779978;0.002640264;0.000110011;129.4225682;1195.078761;0;250;159.8289958;1462.854255;12;255;187.7586942;1490.573111;21;255;1.174747381;1.450741527;1.234939146;1800824;2924474;1621344;1737181;15162.04482;20787.381;14032.47973;14811.2008;1;1;1;1;41013475;19753819;53180172;43990794;2020955.75;16198.27659;1;39484565;1
5671;6127;0.925575322;0.67072738;7220.541458;0.077326267;960;0.596153846;1.06741573;0.982001811;89.52738185;7079.099963;0.000382336;0.048174345;0.070923342;0.873255592;0.000191168;0.007073217;80.32583471;1133.874414;7;252;63.06504065;943.688721;0;222;108.1044281;1543.709436;16;255;1.714173606;1.3458239;0.785115285;49566;48494;42056;43303;2281.511065;2268.901211;1922.869439;2069.242151;1;1;1;1;2742064;2596796;4274655;3227171;45854.75;2135.630967;1;3210171.5;1
3804;4142;0.91839691;0.686147186;4843.403228;0.071440381;818;0.707865169;1.272727273;0.983433292;85.54037267;6914.9316;0.002305476;0.093948127;0.439193084;0.399423631;0.031988473;0.03314121;92.30557934;789.8260705;0;207;104.3282677;1238.009321;0;196;124.442851;2170.797676;0;204;1.192800895;1.348161746;1.130248772;55670;58018;48365;50936;2156.678533;2277.537356;1943.528831;2060.804314;1;1;1;1;5464744;5005324;8055379;5443370;53247.25;2109.637258;1;5992204.25;1
13067;13155;0.993310528;0.630038573;16637.42113;0.041340065;1993;0.591160221;0.717647059;0.977406879;93.13394109;6961.689633;0.002513615;0.166736489;0.513447842;0.316715543;0.000251362;0.000335149;94.97404396;1611.383367;0;226;119.8124059;2293.376913;1;242;166.8133394;2743.355552;21;255;1.392287703;1.756409777;1.261527896;122413;147158;115332;106304;4192.264178;5039.181453;3948.91174;3686.417822;1;1;1;1;15918574;11516595;19906479;21797344;122801.75;4216.693798;1;17284748;1
874;1154;0.757365685;0.439637827;1112.811362;0.038371938;535;0.4;0.394366197;0.597842336;86.78065134;6914.52181;0;0.398809524;0.574404762;0.026785714;0;0;89.46521739;819.9124265;3;192;113.6794466;813.3873641;21;213;166.9393281;596.2880185;81;255;1.46850933;1.865969065;1.270655233;29236;29026;25833;25022;1577.585471;1523.124887;1332.81823;1335.692467;1;1;1;1;3174156;3170524;4385802;4249739;27279.25;1442.305264;1;3745055.25;1
17108;22608;0.756723284;0.531238355;21782.58213;0.016451008;3615;0.5;1.168674699;0.936470732;93.3265345;7000.338095;0.588732394;0.159037559;0.063908451;0.033274648;0.153051643;0.001995305;169.0847335;1174.695079;14;255;164.3016905;1744.493239;0;255;180.3730546;2302.285298;0;255;1.097816182;1.066761326;0.971712154;195786;185434;175976;160371;4740.243652;4502.216252;4255.061061;3884.176457;1;1;1;1;38204394;39908571;47600574;59468979;179391.75;4345.424355;1;46295629.5;1
74996;114099;0.657288846;0.537991392;95487.8729;0.003827778;15691;0.554603854;0.771764706;0.975353753;94.31982529;6990.13115;0.011944832;0.108365487;0.549298087;0.262560545;0.002165257;0.065665791;63.09910448;1252.476325;0;255;87.67320896;1613.890786;0;254;121.1340163;2162.000846;0;255;1.381653731;1.919742242;1.389452508;3044794;3021267;2480800;2432730;23756.64379;23489.6329;20334.24818;20117.28804;1;1;1;1;83239608;83124343;115466743;132533338;2744897.75;21924.45323;1;103591008;1
2586;4891;0.528726232;0.291216216;3292.597463;0.009536192;1846;0.263565891;0.616666667;0.634503426;98.12394984;7901.056108;0;0.002041858;0.269014803;0.728943338;0;0;65.350901;310.5868301;3;209;72.72698654;400.9876108;9;218;103.8485038;338.1164413;33;246;1.427922546;1.58909062;1.112868919;7626348;7153084;6298745;5833498;29651.91209;28418.1021;26126.15909;24839.20605;1;1;1;1;9890300;12334299;15447847;17169453;6727918.75;27258.84483;1;13710474.75;1
11258;19343;0.582019335;0.38292517;14334.13079;0.010006805;3760;0.242857143;0.666666667;0.473720771;86.92799412;7013.309045;0.000932063;0.021955261;0.024026512;0.783450704;0.004763877;0.164871582;70.2186934;1586.221402;0;255;49.5515777;1158.358395;0;238;68.57325296;1732.865241;0;255;1.383876279;0.976566918;0.705675018;5687085;5810600;4625030;4713586;30608.80945;30511.58621;26397.51193;26681.70159;1;1;1;1;30391663;34154873;52433081;43708983;5209075.25;28549.90229;1;40172150;1
24642;28151;0.875350787;0.648047337;31375.16886;0.037489728;2874;0.763157895;1;0.998831498;100.5577989;6891.639806;0.022435068;0.589999137;0.38653033;0.001035465;0;0;106.6610549;1220.804738;20;237;136.9697222;1459.426664;36;247;182.4434985;931.6919064;79;255;1.331998748;1.710497788;1.284158705;752879;677072;632678;517978;11228.25187;10386.40459;9895.307687;8639.223934;1;1;1;1;5938467;7989726;8039590;13245982;645151.75;10037.29702;1;8803441.25;1
36833;73920;0.498281926;0.308055802;46897.23215;0.003788669;11053;0.361038961;1.220447284;0.844266422;96.11700485;7106.078833;0.104856038;0.501504083;0.372275769;0.021364111;0;0;111.4890081;1839.823612;0;247;143.5404037;1951.697304;0;253;179.4216044;1724.859304;6;255;1.249972828;1.609321021;1.287484803;5133996;5939326;4812107;4202866;30139.15895;33529.39699;28433.18292;25908.91525;1;1;1;1;82584635;56988969;88891257;120307099;5022073.75;29502.66353;1;87192990;1
33579;52270;0.642414387;0.513306939;42754.11067;0.007236787;7636;0.015576324;0.667731629;0.903690983;93.24446786;7002.643081;0.006992776;0.948675661;0.043638882;0.000692681;0;0;128.2943275;984.5696187;25;245;132.1724982;830.477544;28;233;198.208109;587.4207127;92;255;1.499616878;1.544948345;1.030228699;2976874;3329676;2727045;2408042;18993.23959;20732.06792;17787.6478;16319.52707;1;1;1;1;15393215;12942114;19028157;23738619;2860409.25;18458.1206;1;17775526.25;1
8619;23879;0.360944763;0.200395257;10974.05164;0.006934783;3952;0.465863454;0.813043478;0.445374173;97.22025068;6883.97316;0.005440229;0.014889048;0.02920544;0.505654975;0.010450966;0.434359341;74.02827799;2155.020788;0;255;54.71307009;1768.375222;0;255;63.24096194;1896.613839;0;255;1.155865716;0.854281143;0.739083382;4934296;5155698;4629334;4124085;28420.83088;29079.12406;26840.69186;24546.56403;1;1;1;1;91635014;74557643;95103825;137760602;4710853.25;27221.80271;1;99764271;1
3204;24486;0.130850282;0.077368879;4079.459501;0.001228862;5724;0.561085973;1.004926108;0.99957973;89.49215524;7350.714843;0.000183346;0.204950344;0.114682964;0.656287242;0.000733384;0.02316272;60.56108777;800.5882851;7;234;43.83601774;575.4970361;0;200;74.18706816;959.7726152;6;231;1.692376999;1.224995635;0.723831413;1461038;1406218;1061795;1177392;13297.22022;12950.2606;10798.0468;11699.00761;1;1;1;1;2662545;2882537;5389997;4037345;1276610.75;12186.13381;1;3743106;1
26913;33990;0.791791703;0.573471127;34266.69587;0.017709614;4370;0.195402299;1.3;0.980194705;90.47922179;6989.44023;0.001864991;0.042205554;0.11927833;0.53659031;0.014149605;0.28591121;89.85842367;1580.60899;0;255;81.38113461;1800.764877;0;250;97.55787073;2342.168365;0;250;1.198777471;1.085684199;0.905659495;880002;807145;707748;664078;12291.32098;11427.36592;10394.50139;9959.100987;1;1;1;1;17603802;23340173;30772091;33239622;764743.25;11018.07232;1;26238922;1
46970;68074;0.689984429;0.506415094;59804.06142;0.007221002;9041;0.269633508;0.757142857;0.875319711;95.0042324;7224.926877;0.000734725;0.068130821;0.60312953;0.328004925;0;0;77.01540171;405.2193866;4;229;85.75375403;505.2193309;8;233;118.3296889;432.5631587;38;255;1.379877654;1.536441884;1.1134624;7776672;7061515;6436646;6050248;29687.42034;27816.0138;26105.3067;25075.07929;1;1;1;1;19325135;25998242;30918732;33608815;6831270.25;27170.95503;1;27462731;1
582;861;0.675958188;0.347462687;741.025415;0.023155823;562;0.303030303;0.373134328;0.077751264;93.91931034;7112.083834;0.002840909;0.295454545;0.340909091;0.360795455;0;0;69.49509385;2196.18553;0;255;64.66681534;2092.241981;0;248;98.40802947;3252.815506;0;255;1.521770153;1.416042832;0.930523462;2369753;2696334;1965734;2264156;20144.57354;22268.03147;17782.67538;18944.16259;1;1;1;1;162317510;131472189;235687725;203503507;2323994.25;19784.86074;1;183245232.8;1
36441;61370;0.593791755;0.421829421;46398.12225;0.009305609;7015;0.586206897;0.881789137;0.982467106;97.72848374;7164.556421;0.000335755;0.003815396;0.051309444;0.931719675;0;0.01281973;43.49025471;615.4623434;0;248;58.71125469;854.7701887;0;246;88.22063509;998.0630394;7;255;1.5026188;2.028515024;1.349986453;3570924;3651767;3207606;2972832;22587.91155;22903.44043;20735.51397;19736.18333;1;1;1;1;23305115;23905666;30765689;35624862;3350782.25;21490.76232;1;28400333;1
50244;88719;0.566327393;0.352441077;63972.64769;0.004384616;12000;0.381263617;0.763888889;0.801833524;90.63656588;7103.407142;0.0128633;0.953829152;0.032600287;0.00070726;0;0;137.4274374;916.6002234;16;255;141.2783917;755.5694468;30;250;205.0071207;490.6834923;86;255;1.451086173;1.491748115;1.028021728;50974982;54520485;44704412;41432230;71210.72015;74472.51572;64532.24289;61041.03263;1;1;1;1;43195570;41234914;61527533;66895934;47908027.25;67814.12785;1;53213487.75;1
44779;47223;0.948245558;0.750381232;57014.39357;0.082541149;2611;0.757894737;1.267281106;0.997349954;93.33898305;6909.481701;0.002934837;0.016462604;0.090727748;0.315609667;0.048195534;0.526069611;113.8465235;2954.092737;2;255;104.3270924;3393.756459;0;255;99.2271469;4674.400965;0;255;0.951115809;0.871586974;0.916383647;1290196;1173200;1081195;1038122;15091.32764;13847.71517;12771.43793;12361.08219;1;1;1;1;34393657;45860762;55642299;59115654;1145678.25;13517.89073;1;48753093;1
18022;29025;0.620913006;0.386406518;22946.32308;0.011283837;4480;0.565217391;1.037735849;0.881916627;93.30809061;7034.748662;0.019948481;0.403762056;0.458036303;0.11825316;0;0;110.5526865;1170.407391;1;254;132.9234859;1189.326441;12;249;171.3113157;1249.536669;26;255;1.288796443;1.549589803;1.20235419;743340;761165;595422;608098;10607.10701;10834.51201;9086.093081;9228.821751;1;1;1;1;10261129;9880757;16352919;14506427;677006.25;9939.133462;1;12750308;1
19200;30030;0.639360639;0.45457774;24446.19926;0.003770854;7999;0.386454183;0.692307692;0.999891666;93.33869622;6994.149377;0.06160304;0.136933462;0.151398264;0.419933065;0.066935164;0.163197005;91.80056836;3394.033327;0;255;83.74122547;3727.986345;0;255;106.2530131;3891.774532;0;255;1.268825629;1.157433064;0.912208137;1423054;1379016;1237547;1137076;18680.1072;18352.87872;16732.98209;15710.56394;1;1;1;1;122985805;130401549;168895383;202887796;1294173.25;17369.13299;1;156292633.3;1
29424;30750;0.956878049;0.68675458;37463.80036;0.073232765;2247;0.740740741;1.019512195;0.997680841;92.63952096;7010.749696;0.002641961;0.087642666;0.330984923;0.568021699;7.05E-05;0.010638298;87.99219416;2206.991929;0;199;114.2136892;3525.167651;0;228;152.323755;4873.806182;8;255;1.333673363;1.731105315;1.297997968;472974;393591;347286;386448;9095.35384;7715.832501;6646.675531;7639.675753;1;1;1;1;19421367;27110178;41270150;29898620;400074.75;7774.384406;1;29425078.75;1
24901;28321;0.879241552;0.73216701;31704.9379;0.03179784;3137;0.669767442;1.061452514;0.999713094;93.77381337;7011.364887;0.011769759;0.043642612;0.189390034;0.561984536;0.029939863;0.163273196;81.45597871;1548.96436;0;255;84.06021704;1857.858147;0;255;109.7693489;3395.055092;0;255;1.305841845;1.347591063;1.031971113;438060;412504;372955;335404;8942.502947;8566.663757;7826.171986;7259.216858;1;1;1;1;19628356;22122037;28785819;33091498;389730.75;8148.638887;1;25906927.5;1
14;14;1;0.333333333;17.82535363;0.083142339;46;0.857142857;0.857142857;0.005402381;71.55214724;6345.327035;0;0;0;0.5;0;0.5;43.06467228;955.0113655;0;255;35.48667556;924.3717436;0;252;43.21004379;1167.560972;0;255;1.217641357;1.003375656;0.824032175;1014246;1155995;837656;986104;8517.108362;9655.287484;7222.215042;8416.340875;1;1;1;1;40909512;33513463;63114108;41558626;998500.25;8452.737941;1;44773927.25;1
64229;108273;0.593213451;0.378496715;81778.90272;0.003461942;15269;0.296551724;0.966587112;0.870799239;104.5228145;6808.23029;0.020338239;0.404486227;0.567040238;0.008135296;0;0;92.55269286;784.6930605;0;234;120.3145747;743.731388;22;247;173.9237862;836.4926854;68;255;1.445575373;1.879186665;1.299957581;14464708;13317655;14111978;10499792;47965.07606;45213.29482;46057.8887;38605.03689;1;1;1;1;52660164;59572264;36318971;111057559;13098533.25;44460.32412;1;64902239.5;1
19309;42790;0.451250292;0.27131576;24584.98237;0.004493982;7348;0.296028881;1.0859375;0.792045009;85.30717167;7213.828733;0.000790995;0.169637968;0.817462732;0.012108305;0;0;91.04460385;305.5205772;18;188;116.8237731;306.6058982;33;209;154.8401053;257.4879581;55;247;1.325416062;1.700706014;1.283148789;7759854;10162838;6713518;7969033;24581.58535;29851.50914;21851.92282;25212.5824;1;1;1;1;21347592;12759471;29627970;19477196;8151310.75;25374.39993;1;20803057.25;1
1310;1248;1.049679487;0.59981685;1667.943804;0.080220388;453;0.714285714;0.696428571;0.984695111;95.66938111;7197.801115;0;0.17372134;0.297178131;0.457671958;0.011463845;0.059964727;132.2957947;2953.782071;9;221;117.9180328;2362.48651;5;203;129.9280114;2444.6698;12;220;1.101850229;0.982102354;0.891321096;5559;5608;4638;4364;652.7261115;643.5082622;521.2988684;504.6640918;0.999999999;0.999999999;0.999999998;0.999999998;442858;535332;893143;839905;5042.25;580.5493334;0.999999999;677809.5;1
9471;9820;0.964460285;0.567601582;12058.85173;0.028739346;2035;0.644578313;0.635802469;0.981220144;87.47490909;7124.707916;0.013612565;0.110063991;0.264572426;0.509947644;0.042233857;0.059569517;128.3400019;3082.897529;15;255;115.3713235;2697.986689;5;255;126.8874618;2666.999319;1;255;1.09981803;0.988682094;0.898950614;105128;109737;86198;87210;4366.610588;4601.379272;3741.582101;3813.560031;1;1;1;1;4387309;3756086;6694937;5844830;97068.25;4130.782998;1;5170790.5;1
5035;6933;0.726236838;0.467632581;6410.761108;0.019122468;1819;0.256637168;1.144329897;0.968983958;92.82724413;7003.639161;0.000729217;0.004618376;0.025036461;0.817695673;0.000486145;0.151434127;70.62089907;1039.487199;4;249;62.22721012;912.0926906;0;237;81.97702229;1202.059264;0;255;1.317382253;1.160804002;0.881144405;59651;62284;54366;52028;2583.049537;2700.887072;2353.480726;2295.717383;1;1;1;1;6104180;4965554;7274643;7920740;57082.25;2483.283679;1;6566279.25;1
26196;52517;0.498809909;0.318051576;33353.78311;0.004068577;8995;0.100840336;0.676217765;0.768063798;86.2817039;7007.913022;0.026365262;0.102847448;0.432069329;0.356320785;0.002659453;0.079737723;121.5587031;2313.76265;0;255;153.4865974;3144.180842;0;255;182.1089885;3952.311587;0;255;1.186481371;1.498115592;1.26265412;14143624;18324125;12792144;13973020;44573.74957;55221.9084;40812.73781;44484.25259;1;1;1;1;366544597;231806746;479329486;347707928;14808228.25;46273.16209;1;356347189.3;1
49631;78946;0.62867023;0.485227406;63192.15184;0.0068686;9529;0.469333333;0.771978022;0.94965519;98.65404752;7966.915154;0;0.62192094;0.290123788;0.087955272;0;0;99.58485994;996.8454359;0;167;117.7513918;1034.648066;0;182;211.1123095;1259.522909;53;255;1.792864664;2.119923748;1.182422628;102469024;101051340;79913595;79173190;126282.0981;125470.4682;109000.9674;108416.5089;1;1;1;1;6688148;6912557;11010729;10628405;90651787.25;117292.5106;1;8809959.75;1
37084;61674;0.601290657;0.410198551;47216.81528;0.004986697;9667;0.529411765;0.911111111;0.678867899;85.50110017;7133.889837;0.034008338;0.523228112;0.347230494;0.0951757;0.000208457;0.000148898;125.1898148;1286.539457;0;255;125.5481921;1136.151481;0;251;182.3635783;1429.005879;0;255;1.452538465;1.456696606;1.002862671;16725958;18087554;13813813;17458302;48365.7041;51670.20263;41526.55145;49789.83777;1;1;1;1;208695990;156139234;319419297;154452554;16521406.75;47838.07398;1;209676768.8;1
50808;65073;0.780784657;0.554769392;64690.75479;0.022173826;5366;0.608308605;1.104166667;0.90634422;96.70988888;6803.933343;0.03392662;0.041413162;0.233774001;0.587580176;0.022892734;0.080413307;63.43362049;1309.775622;0;255;104.0851119;2391.658183;0;255;142.113927;3512.871511;0;255;1.365362676;2.240356547;1.640850879;11713062;12329174;11560375;9611430;45994.57404;47812.28131;44775.51867;38904.4434;1;1;1;1;309895279;287315398;282776901;525103110;11303510.25;44371.70435;1;351272672;1
5824;9308;0.625698324;0.341583578;7415.347109;0.012162872;2453;0.358490566;0.709677419;0.93945709;86.22013341;7191.595568;0.015464995;0.032601881;0.09738767;0.464994775;0.027795193;0.361755486;101.0244489;2253.640136;0;255;82.52720082;2061.192369;0;255;102.5138977;3035.413897;0;255;1.242183143;1.014743449;0.816903252;111598;117318;101496;108507;3419.425639;3600.93912;3033.999939;3371.809789;1;1;1;1;67731913;54489300;91728567;64675688;109729.75;3356.543622;1;69656367;1
15601;23051;0.676803609;0.440010153;19863.81014;0.008272965;4868;0.311827957;2.1640625;0.756920806;81.8684511;7310.578788;0;0.099680789;0.877321532;0.022997678;0;0;91.78768519;251.9909062;7;169;117.458125;238.5093402;24;182;154.5058131;197.3407995;50;216;1.31541188;1.683295671;1.279671938;96711074;93209422;74171807;82726490;89143.38198;87127.24779;74157.2956;79786.04148;1;1;1;1;23616436;25775256;41702582;31408331;86704698.25;82553.49171;1;30625651.25;1
14853;17362;0.855488999;0.569626079;18911.42696;0.027087282;2625;0.645714286;0.851428571;0.967196344;88.8448935;7056.038567;0.022430184;0.113710636;0.66748366;0.190582294;0.000445633;0.005347594;111.3709077;2360.313271;0;245;146.737173;2235.861625;0;255;174.7178055;2045.46002;0;255;1.190685373;1.568792148;1.317553893;313328;284255;254916;254242;6921.859239;6472.413592;5832.97266;5987.067228;1;1;1;1;16477403;20570412;30844338;21389244;276685.25;6303.57818;1;22320349.25;1
11617;19288;0.60229158;0.449504721;14791.22379;0.009962309;3828;0.393939394;1.281690141;0.953628966;86.92418848;7126.245143;0.019242771;0.058664448;0.495527356;0.377262326;0.017474516;0.031828583;100.4233803;1620.967477;0;247;132.4515048;2242.801871;0;255;157.9008483;3470.89615;0;255;1.192140841;1.572351456;1.318930954;102212;119931;93082;103884;3197.213922;3988.6444;2739.982591;3374.67393;1;1;1;1;49115529;28418587;70148203;40995539;104777.25;3325.128711;1;47169464.5;1
8980;13619;0.659372935;0.435393939;11433.69111;0.01530899;2715;0.632183908;1.32;0.919461181;96.72551492;7009.50053;0.036815524;0.513157895;0.40497076;0.045055821;0;0;137.1710116;2330.708277;0;255;157.707832;2175.318548;5;255;196.105225;1105.346548;60;255;1.243471694;1.429640438;1.149716913;192829;203158;182250;162330;5068.3662;5346.697832;4802.182009;4404.618122;1;1;1;1;18645079;17759636;21792496;28840663;185141.75;4905.466041;1;21759468.5;1
3845;4085;0.94124847;0.691422406;4895.60605;0.073281466;812;0.511363636;1.23880597;0.944884861;96.09009009;6682.334226;0.049582012;0.200057654;0.376477371;0.232343615;0.121360623;0.020178726;123.7847488;1364.747148;0;255;143.1455742;2117.954167;0;244;165.7169856;3277.438922;0;255;1.157681518;1.338751238;1.156407195;46284;47260;44729;40028;1992.397798;2079.036933;1941.542206;1717.960915;1;1;1;1;12294983;11381761;11751347;17268368;44575.25;1932.734463;1;13174114.75;1
22823;42540;0.536506817;0.32331775;29059.14613;0.003609419;8914;0.141057935;0.464102564;0.932858231;90.6246466;7010.714423;0.176219801;0.344774127;0.371431032;0.10352698;0.003875802;0.000172258;135.0827945;1436.521836;0;255;166.3160574;1749.940147;0;255;191.4429599;1787.045924;5;255;1.151079233;1.417226825;1.231215701;1287431;1798460;1182750;1243714;12403.62702;16059.45603;11518.40965;12140.36304;1;1;1;1;62182737;33096564;79405923;66054190;1378088.75;13030.46394;1;60184853.5;1
11634;10490;1.109056244;0.631561804;14812.86886;0.024002065;2468;0.430232558;1.550458716;0.891675927;92.54858691;7074.524062;0.222386406;0.209734023;0.164296269;0.125323236;0.256834134;0.021425933;166.2281476;1776.148029;5;255;161.4921144;2350.93438;0;255;177.4824245;2860.306962;0;255;1.099016043;1.067703798;0.971508838;86420;82342;75997;78070;2924.945302;2760.276826;2430.13906;2618.735176;1;1;1;1;51767377;53765891;76301999;61586770;80707.25;2683.524091;1;60855509.25;1
14887;14981;0.993725385;0.615012807;18954.7171;0.05471964;1849;0.555555556;0.730769231;0.984332414;88.48826678;7130.037429;0.011043032;0.245725278;0.486890852;0.256055856;0.000213736;7.12E-05;106.5330311;1928.228929;0;240;135.5946617;2685.035014;1;253;181.0234893;2989.867913;23;255;1.335034042;1.699224058;1.272794554;144146;167984;129992;133701;4396.752293;5235.27982;3916.999229;4057.001306;1;1;1;1;27182698;21756608;38309462;33506600;143955.75;4401.508162;1;30188842;1
5886;6387;0.921559418;0.648380701;7494.28796;0.06864919;1038;0.654545455;1.146067416;0.96927316;93.33262108;7126.727682;0.003113553;0.238644689;0.091391941;0.666483516;0.0003663;0;98.23628516;1562.857425;5;255;77.31418825;1197.811269;0;225;136.0780423;1554.5959;29;255;1.76006559;1.385211606;0.787022719;44391;43408;41914;37560;2122.876264;2064.591793;1995.173691;1737.860287;1;1;1;1;5755389;5628467;6111831;8625083;41818.25;1980.125509;1;6530192.5;1
8840;9379;0.942531187;0.658080846;11255.43758;0.073545882;1229;0.514925373;0.759398496;0.997311426;82.52439651;6617.599174;0.00011989;0.440834432;0.55832634;0.000719338;0;0;104.8174532;852.8996217;0;211;129.5122959;653.2972403;10;223;173.7182895;540.8302868;56;255;1.341326616;1.657341256;1.235598576;152284;154976;129119;132848;4013.395134;4075.391194;3491.769693;3607.509516;1;1;1;1;2716584;2547805;3872761;3318770;142306.75;3797.016384;1;3113980;1
2888;3400;0.849411765;0.45125;3677.115805;0.040725185;944;0.477777778;1;0.407371935;95.67310945;7230.002348;0.001196649;0.000398883;0.004387714;0.932189868;0;0.061826885;58.12935266;1270.857878;0;245;64.74456716;1252.92959;0;246;90.57148336;1124.054498;7;255;1.398904763;1.558102391;1.11380162;1779652;1778556;1517707;1466404;16835.1902;16816.70156;14900.32426;14550.47379;1;1;1;1;24212803;25187497;35172711;36055511;1635579.75;15775.67245;1;30157130.5;1
69050;86140;0.801602043;0.587159864;87917.19056;0.003948596;14824;0.308235294;0.735;0.973551241;92.39030468;7022.111112;0.047148598;0.153023634;0.491232896;0.27546407;0.003014066;0.030116735;70.30162187;1958.881674;0;255;97.98664245;2294.595896;0;255;130.2401466;2705.828011;0;255;1.329162255;1.852590924;1.393803441;1282770;1272104;1071211;1069276;15745.21513;15556.91588;13474.88487;13396.63405;1;1;1;1;126297487;130229617;200611808;173522316;1173840.25;14543.41248;1;157665307;1
24839;25903;0.958923677;0.685421783;31625.99705;0.034474629;3009;0.71875;0.769585253;0.996947015;100.4845793;7126.642558;0.071674789;0.381591981;0.533578985;0.013154245;0;0;103.8089581;1380.910743;0;236;132.0048455;1627.739129;4;252;170.0858668;1225.859338;55;255;1.288481995;1.638450765;1.27161324;313159;331678;300842;246430;6854.302938;7205.8757;6629.453072;5646.878133;1;1;1;1;15262238;12044207;14619570;25332464;298027.25;6584.127461;1;16814619.75;1
15288;24277;0.629731845;0.410570416;19465.28616;0.010157381;4349;0.348623853;0.813084112;0.749805912;99.74811594;7170.022062;0.010291722;0.109284762;0.057529987;0.781578558;0.011476381;0.02983859;86.05441197;2247.052883;0;255;63.74256016;1591.498138;0;242;88.38691909;2074.369737;0;255;1.3866233;1.027105027;0.740723906;3001747;3071422;2575836;2448054;23694.44499;23922.95878;21088.95833;20429.21276;1;1;1;1;50551432;58849386;71548828;86009999;2774264.75;22283.89372;1;66739911.25;1
11840;16809;0.704384556;0.372913386;15075.15621;0.009822361;3892;0.138059701;2.032;0.746737902;94.88924919;6928.351416;0.016119747;0.071675302;0.66263673;0.249568221;0;0;61.61725563;1119.82691;0;255;120.5926981;1622.42603;0;255;170.7661305;1701.210832;0;255;1.416056968;2.771401107;1.957125433;15351226;13463294;12675171;11629726;51947.80785;47220.75463;45011.68125;41842.74004;1;1;1;1;135809328;187642875;206314657;248466890;13279854.25;46505.74594;1;194558437.5;1
24169;40314;0.599518778;0.399388581;30772.92656;0.008515869;5972;0.738955823;1.008163265;0.950388985;93.78722295;6916.583409;0.004942566;0.039860876;0.838725916;0.116424878;0;4.58E-05;82.04261965;1289.608152;0;213;132.4019778;1428.504518;16;255;164.5676748;1349.626924;19;255;1.242939702;2.005880303;1.61381948;829778;736280;692024;633827;10826.47908;9803.385344;9386.238831;8759.674815;1;1;1;1;18607275;26336274;28125100;34762196;722977.25;9693.944517;1;26957711.25;1
76494;100126;0.763977388;0.51269437;97395.18573;0.008697289;10513;0.496314496;0.9325;0.883348538;86.15427895;7084.904734;0.11877794;0.322919283;0.441873022;0.116065598;0.000113014;0.000251143;116.4515964;2176.978753;0;253;149.9000371;2310.149223;0;255;181.7145761;2093.039273;15;255;1.212238367;1.560430099;1.287230417;3514731;3970952;2971476;3310470;24153.04008;26462.8284;20942.16183;22914.04797;1;1;1;1;125753579;92032417;180537186;131779704;3441907.25;23618.01957;1;132525721.5;1
3238;3327;0.973249173;0.660546716;4122.749646;0.087225868;683;0.573033708;1.50877193;0.87282403;92.25414938;6697.085823;0.001686341;0.025969646;0.61618887;0.356155143;0;0;75.37048544;1189.215362;0;182;119.5447573;1500.572463;5;226;168.9237864;1905.779143;40;255;1.413058927;2.241245833;1.586095095;32398;29647;28844;26614;1566.753941;1433.835759;1415.239171;1309.786882;1;1;1;1;3079554;4289919;4575776;5019494;29375.75;1431.403939;1;4241185.75;1
23307;35096;0.664092774;0.477055019;29675.39407;0.004298999;8254;0.589552239;0.794354839;0.988197487;86.27150101;7089.259046;0.033893518;0.08685214;0.088876336;0.566115897;0.077955091;0.146307019;98.37066958;3473.951133;0;255;76.22317754;2883.345227;0;255;89.39912036;2894.501042;0;255;1.172860057;0.908798535;0.774856752;1977946;2080576;1701078;1877059;20340.79356;21164.53148;17950.74012;19371.53672;1;1;1;1;151896967;120835897;216603853;148434450;1909164.75;19706.90047;1;159442791.8;1
25330;34919;0.725393052;0.410455017;32251.15767;0.016278245;4422;0.380191693;0.667763158;0.901758285;93.86915888;7035.721946;0.090035708;0.873745962;0.034815508;0.001402823;0;0;154.4374847;1330.500408;0;255;156.0115969;1195.643731;0;252;216.0960611;855.2690424;59;255;1.385128192;1.399246183;1.010192552;2737412;3043938;2564576;2305915;17862.29832;19449.33098;16938.76474;15571.10991;1;1;1;1;29256583;24544747;34613443;43338357;2662960.25;17455.37599;1;32938282.5;1
2578;2835;0.909347443;0.603747073;3282.411546;0.039818024;902;0.857142857;0.871428571;0.872460921;81.39674466;6532.326826;0.000890472;0.179430098;0.39937667;0.416740873;0;0.003561888;118.4449388;1711.356349;0;241;123.5194661;1589.832862;0;237;155.0603139;1518.209438;13;255;1.255351232;1.309134147;1.042842922;28008;29930;24966;24491;1469.274859;1558.078741;1275.064739;1304.972076;1;1;1;1;2240401;1873416;2972240;2966601;26848.75;1401.847604;1;2513164.5;1
16193;23026;0.703248502;0.503983816;20617.56795;0.012648291;4011;0.6;1.111764706;0.993589493;95.05450684;7095.459275;7.05E-05;0.058421424;0.053206483;0.886892178;0.001198027;0.000211416;88.2162608;1516.248077;11;255;66.5721489;1007.397597;0;229;120.303583;1295.403678;19;255;1.807115814;1.36373478;0.75464714;608756;587977;520972;452136;9768.447285;9468.739969;8664.322054;7849.976922;1;1;1;1;6070279;6176052;7618662;11588147;542460.25;8937.871557;1;7863285;1
41811;44316;0.94347414;0.748496241;53235.4186;0.080675019;2552;0.770072993;1.266666667;0.993013321;93.19776417;7097.857349;0.01428677;0.029140084;0.122570633;0.473581792;0.087198561;0.273222159;121.769025;3831.28393;0;255;113.5676787;4369.546468;0;255;108.9757504;6047.907994;0;255;0.959566592;0.894938187;0.932648338;451408;418672;389176;392281;8810.936826;7994.153268;7284.105933;7553.456976;1;1;1;1;54151965;71681137;89603151;81751704;412884.25;7910.663251;1;74296989.25;1
55475;88942;0.623721077;0.385419706;70632.96374;0.006821671;10109;0.385438972;0.720357942;0.941904294;93.79570447;7007.032318;0.090956796;0.873632247;0.033273084;0.002137873;0;0;143.3711063;1495.788172;0;255;145.6818984;1298.355021;0;253;206.7909774;940.6089185;47;255;1.419469267;1.442347644;1.016117557;5178936;5355361;4530610;4291570;27789.5235;28423.55338;24905.25362;24009.95155;1;1;1;1;58218592;56607650;80540160;85505818;4839119.25;26282.07051;1;70218055;1
39917;63875;0.624923679;0.444539724;50823.90291;0.007443672;8209;0.5;1.161870504;0.907911492;93.48956401;7361.666635;0.001061889;0.007487679;0.083480818;0.903313638;0;0.004655975;40.68360583;728.5138408;0;255;58.59148034;889.6716976;0;252;88.12176757;810.3994723;9;255;1.504003092;2.166026481;1.440174221;3267754;3179635;2700334;2870456;20507.26984;20012.05776;17578.71627;18483.74572;1;1;1;1;37705725;36835642;56107579;46880443;3004544.75;19145.4474;1;44382347.25;1
102731;131952;0.77854826;0.580374898;130801.1717;0.001809927;26707;0.648148148;0.765072765;0.960806341;88.69341504;7047.354697;0.107741068;0.320686338;0.138078043;0.374131864;0.000876372;0.058486314;82.97548698;3192.238128;0;255;78.59758881;2907.952941;0;254;118.2662253;3823.511844;0;255;1.504705514;1.425315229;0.947238656;1692157;2059428;1662670;1504960;17537.31777;20564.88916;17005.35416;16060.1669;1;1;1;1;307217963;214659708;381459446;380894886;1729803.75;17791.932;1;321058000.8;1
26551;30355;0.874682919;0.612649407;33805.78315;0.026326356;3560;0.199186992;1.252688172;0.982037373;90.48977154;7135.852404;0.03587317;0.163026773;0.161004611;0.459678072;0.053304214;0.12711316;126.3778414;2843.245859;0;255;117.687571;3294.912198;0;254;138.3962932;4023.246339;0;255;1.175963545;1.095099359;0.931235806;392792;363604;313932;324409;8703.391809;8013.33111;6989.60418;7259.439745;1;1;1;1;37013171;48512921;67401399;61202597;348684.25;7741.441711;1;53532522;1
56;87;0.643678161;0.25;71.30141451;0.026164365;164;0.823529412;0.875;0.015238976;87.64963504;7416.198412;0;0.038461538;0.115384615;0.730769231;0;0.115384615;59.65142101;1928.99092;0;255;53.00095322;1739.741358;0;249;68.59046778;2215.02667;0;255;1.294136494;1.149854716;0.888511159;486164;395953;346360;403808;7203.184856;5809.447181;5029.786728;5964.718636;1;1;1;1;58857610;87588508;119237112;78467909;408071.25;6001.78435;1;86037784.75;1
25557;27843;0.917896778;0.723277204;32540.18304;0.045492167;2657;0.862385321;1.032432432;0.972521749;93.23493579;7017.479379;0.034623976;0.056051957;0.233267147;0.588524861;0.058616696;0.028915364;104.8939782;2173.735994;0;255;111.4966123;2630.894969;0;255;141.1291137;4313.773429;0;255;1.265770419;1.345445336;1.062945788;404464;381148;354809;320374;8801.945373;8453.493164;7891.25866;7325.985199;1;1;1;1;34122038;40310891;49377842;57801591;365198.75;8118.170599;1;45403090.5;1
776;777;0.998712999;0.743295019;988.0338867;0.094050226;322;0.783783784;1.24137931;0.838542199;82.76102088;6122.71087;0;0.010622155;0.197268589;0.783004552;0;0.009104704;92.30029049;1211.72573;0;169;96.40668119;1135.248554;0;170;126.1648511;1074.555976;21;199;1.308673316;1.366895494;1.044489467;6524;6679;5622;5678;563.6586114;600.0190678;484.9330697;517.8837958;0.999999999;0.999999999;0.999999998;0.999999998;522968;393686;684513;669898;6125.75;541.6236362;0.999999999;567766.25;1
27363;29572;0.92530096;0.65765376;34839.65366;0.075861644;2129;0.742616034;1.029850746;0.996740026;94.71865443;6809.728184;0.007771923;0.094362513;0.323539447;0.572430527;0;0.001895591;91.77776969;2638.291782;0;226;120.7656722;3946.520077;0;244;157.9598872;4983.297409;12;255;1.307986652;1.721112724;1.315848844;360151;308316;306548;271698;7795.037043;6529.128789;6564.598854;5655.280369;1;1;1;1;23750353;33851828;36415694;49494335;311678.25;6636.011264;1;35878052.5;1
14227;22283;0.638468788;0.426891109;18114.379;0.005852538;5527;0.626213592;0.777777778;0.999909553;93.78368314;6953.104866;0.082840716;0.136934165;0.169730343;0.418333468;0.0717467;0.120414608;95.82125139;3863.780448;0;255;89.98891768;4264.727961;0;255;113.823226;4105.492104;0;255;1.264858261;1.187870377;0.939133192;1044654;1029112;868828;918635;15583.13525;15569.90096;13378.15764;14044.43766;1;1;1;1;149591854;151291366;230192650;194528218;965307.25;14643.90787;1;181401022;1
10750;16120;0.666873449;0.44057377;13687.32511;0.006917837;4419;0.35;1.639344262;0.944082379;90.42748245;7014.536817;0.014660676;0.215890281;0.565500118;0.203948924;0;0;113.5330194;1595.200911;0;249;137.3385749;1634.476124;0;255;172.1319178;1691.976797;27;255;1.253339915;1.516139699;1.209679578;243298;244644;207603;196680;6214.457111;6267.730822;5424.272105;5205.703241;1;1;1;1;13155283;13200167;18550528;20419177;223056.25;5778.040819;1;16331288.75;1
18514;56580;0.327218098;0.203372329;23572.75693;0.001772736;11456;0.379487179;1.089965398;0.992864528;91.01221834;7307.816258;0.016411602;0.264218044;0.565660982;0.153709372;0;0;72.68410841;1396.576601;0;255;90.33885248;1617.3062;0;254;122.7540834;2187.274944;0;255;1.358818272;1.688871008;1.242896893;8244444;7330712;6354693;6365428;42484.2141;39208.47775;35553.26601;35837.74375;1;1;1;1;51423517;73282787;96460186;87700111;7073819.25;38270.9254;1;77216650.25;1
28924;40413;0.715710291;0.490270527;36827.18059;0.012534205;5385;0.303125;0.651162791;0.85000768;100.3747871;7049.999796;0.000487604;0.060312816;0.774802145;0.164397434;0;0;80.18221424;454.5650952;9;221;99.45635138;497.250898;24;233;134.8874656;426.8213506;49;255;1.356247879;1.68226167;1.240379208;5392674;5548274;4741280;4451469;22909.35777;23393.58067;20699.73231;19773.83848;1;1;1;1;22613635;20537303;28392716;33202018;5033424.25;21694.12731;1;26186418;1
28157;31988;0.880236339;0.550532799;35850.60586;0.023995721;3840;0.458781362;0.728301887;0.975493461;92.73679799;6991.78655;0.000375432;0.083458477;0.356284727;0.549331731;3.75E-05;0.010512089;84.83827122;1045.343644;0;222;97.50290707;1360.206633;0;243;127.5732333;1880.542982;3;255;1.308404407;1.503722689;1.149279749;1203518;1195639;1028874;947420;13023.55709;12978.78323;11605.48125;11078.96473;1;1;1;1;11891158;13061128;17983565;18230133;1093862.75;12171.69657;1;15291496;1
89809;144117;0.623167288;0.369734995;114348.3703;0.005043414;14959;0.749152542;0.695431472;0.910007111;92.51348942;7020.917158;0.024273184;0.380813152;0.264003972;0.318497269;0.009521708;0.002890716;150.9403755;6215.219825;0;255;157.1331456;6128.640613;0;255;192.6570653;4750.072661;0;255;1.226075279;1.276378601;1.041027923;891418354;909405116;812537433;796441818;129101.8732;129564.9636;116010.5056;113106.967;1;1;1;1;103346059;125802421;165103271;172471512;852450680.3;121946.0774;1;141680815.8;1
33296;72164;0.461393493;0.282682152;42393.78388;0.003524905;10895;0.342789598;1.372013652;0.748290698;95.87502633;7111.383244;0.00218411;0.011815675;0.128576032;0.676572738;0.001360593;0.179490852;104.8917679;1611.943358;0;247;124.8902315;2109.594178;0;255;148.7659086;2644.56148;0;255;1.191173295;1.418280114;1.190658084;69482336;65424810;54179389;50618062;103077.0355;100300.661;89522.23692;86021.16649;1;1;1;1;64403642;66359273;92752356;101801882;59926149.25;94730.27497;1;81329288.25;1
21706;32913;0.659496248;0.412207072;27636.93756;0.012924319;4594;0.329457364;1.030973451;0.671039185;91.86862826;7419.04822;0.000103061;0.013140266;0.292950634;0.689425951;0;0.004380089;98.54256121;463.2253543;0;236;111.3312941;495.4683957;0;239;139.193906;444.9973787;12;255;1.250267564;1.412525758;1.129778776;92117874;85709530;73927409;75415326;78529.47361;75037.41345;66061.29332;67194.38905;1;1;1;1;37708664;44620622;63901002;57578565;81792534.75;71705.64235;1;50952213.25;1
11298;11276;1.001951046;0.723257154;14385.06038;0.079900801;1333;0.84496124;1.032520325;0.999777712;90.39156627;7073.766172;0.00540843;0.013334577;0.184819097;0.460369265;0.02387169;0.312196941;96.082494;2325.39684;0;255;91.05266187;2527.546675;0;249;92.83151079;2999.363698;0;255;1.019536485;0.966164667;0.9476509;58598;59617;53784;50912;2806.186553;2877.659418;2586.833034;2430.342464;1;1;1;1;14063569;13215198;17732985;20113200;55727.75;2675.255367;1;16281238;2
606;604;1.003311258;0.720570749;771.5831641;0.102930642;272;0.870967742;1;0.981017671;95.50273224;7468.370211;0;0;0.178640777;0.526213592;0;0.295145631;106.684405;1832.823534;16;178;100.4685883;2027.688777;4;168;101.9918699;2468.173622;0;173;1.01516177;0.956014798;0.941736407;1886;1820;1746;1573;232.1190595;233.1930383;205.2506734;179.369632;0.999999994;0.999999994;0.99999999;0.999999988;280528;267709;407534;390644;1756.25;212.4831008;0.999999991;336603.75;2
36018;43161;0.834503371;0.61255102;45859.54192;0.013450045;5801;0.630508475;0.680272109;0.918320246;88.42405885;6939.335535;0.012453263;0.824800542;0.161686343;0.001059852;0;0;118.5227475;1839.307819;0;221;147.0748038;1336.506434;24;236;202.577471;596.5331305;91;255;1.377377129;1.709186424;1.240899379;1678208;1982560;1521170;1488243;14476.45051;16338.99936;13368.03701;13327.58383;1;1;1;1;19638249;13792829;23924389;24451310;1667545.25;14377.76768;1;20451694.25;2
19379;22028;0.879743962;0.655249366;24674.10914;0.033429929;2699;0.518716578;0.965714286;0.998348157;87.39487548;6873.72075;0.013202046;0.847351339;0.137411299;0.002035315;0;0;115.1474727;1595.419882;5;210;142.8794889;1236.203421;35;224;200.790949;660.5690974;92;255;1.40531682;1.743772089;1.240839122;328030;305191;267600;265428;6447.559909;6128.959946;5509.540064;5493.607112;1;1;1;1;7317270;8429523;11614457;10794025;291562.25;5894.916758;1;9538818.75;2
27515;35850;0.767503487;0.582106288;35033.18607;0.013704179;5023;0.550387597;0.863247863;0.983706601;92.95217886;7120.154219;0.003549246;0.588368154;0.383802533;0.024280068;0;0;94.01726871;1066.458092;0;222;116.5285627;1039.567581;22;229;184.0892852;1026.72719;73;255;1.579778218;1.95803694;1.239437864;1064088;947661;851010;795362;12563.93594;11494.14767;10518.8234;10080.32305;1;1;1;1;11549208;15358513;19549577;21630859;914530.25;11164.30751;1;17022039.25;2
19737;19649;1.004478599;0.668257999;25129.92889;0.051012172;2205;0.711340206;1.084848485;0.996784353;92.00956495;6626.142766;0.001173646;0.393865031;0.445825553;0.15913577;0;0;104.874823;1440.537385;16;221;112.6762721;1666.140339;13;230;166.2602898;1794.977303;48;255;1.475557247;1.585321291;1.074388198;641940;586000;536717;465454;9835.938371;9208.789538;8522.676203;7783.61718;1;1;1;1;4967129;6356393;8101975;9133130;557527.75;8837.755323;1;7139656.75;2
4582;5407;0.847420011;0.530139998;5833.983594;0.013986236;2029;0.164179104;0.213930348;0.588719599;87.33012338;7056.860323;0.894142934;0.105857066;0;0;0;0;172.7392759;739.5015484;20;237;182.1081174;743.8451741;30;248;225.5211963;379.0192051;116;255;1.238391784;1.305558306;1.054236892;76024380;72841137;62945216;56099304;91627.45051;88031.7939;80178.06173;73268.02748;1;1;1;1;18029738;19718573;26523762;33581994;66977509.25;83276.33341;1;24463516.75;2
12428;14902;0.833982016;0.534399725;15823.82106;0.028866338;2326;0.324786325;0.447368421;0.949582123;91.81536098;7115.57236;0.023840599;0.277299226;0.685112677;0.013747498;0;0;96.46871311;1143.789425;0;225;141.7388495;1304.623884;23;242;181.4318182;967.3174357;62;255;1.280042972;1.880732233;1.469272731;159774;264676;148041;146984;4170.049945;6461.342237;3941.488236;3929.733934;1;1;1;1;13273855;5239454;16201990;15348563;179868.75;4625.653588;1;12515965.5;2
6383;6661;0.958264525;0.665519758;8127.088014;0.049809418;1269;1;0.496402878;0.925569934;95.87456647;7081.572128;0.022676129;0.080837805;0.370780682;0.490739138;0.003115804;0.031850441;82.61419201;1429.558367;0;238;115.3594216;2020.95087;0;252;144.0382628;2163.23497;0;255;1.248604239;1.743505072;1.396363249;59718;70903;57142;56150;2084.405365;2651.63561;2007.187331;1993.529277;1;1;1;1;22115864;13629285;27248097;22862909;60978.25;2184.189396;1;21464038.75;2
15572;17310;0.899595609;0.601816425;19826.88619;0.03924432;2233;0.5;0.603864734;0.940544272;93.92678084;6939.171854;0.02459982;0.157716028;0.426720255;0.373293604;0.00117802;0.016492274;103.5117733;1791.805925;0;244;122.366612;1968.555651;0;251;150.3146024;1898.126832;0;255;1.228395556;1.452149814;1.182151635;262124;289819;255412;237538;4990.518639;5514.485973;4861.444111;4458.116454;1;1;1;1;49155366;41490194;55099599;64243081;261223.25;4956.141294;1;52497060;2
5664;6082;0.931272608;0.670454545;7211.628781;0.063827123;1056;0.580357143;0.916666667;0.934714111;84.58093717;6945.579977;0.025033961;0.322142441;0.398602756;0.251309917;0;0.002910926;109.8556506;1611.148302;0;230;136.1804503;1882.423597;0;245;174.8642022;1729.669966;12;255;1.284062447;1.591763385;1.239630821;60179;65508;52290;58780;2328.590184;2617.795868;1934.43476;2360.609368;1;1;1;1;10614225;8594968;16408132;10366557;59189.25;2310.357545;1;11495970.5;2
12035;19299;0.623607441;0.4008994;15323.43792;0.00706105;4628;0.375661376;1.202531646;0.93122901;94.52545086;7105.775764;0.003566697;0.087842658;0.421379802;0.487210843;0;0;73.44803706;1543.52423;0;224;82.0095161;1656.533794;0;222;109.7749461;1619.763652;13;242;1.338563514;1.494593327;1.116565117;3812963;3353296;2901856;2780258;27880.55652;25926.94083;23425.21956;22833.49723;1;1;1;1;9463344;11327297;15973960;16722693;3212093.25;25016.55354;1;13371823.5;2
23816;49488;0.481247979;0.365747282;30323.473;0.002589292;10751;0.430463576;0.76369863;0.727507097;87.49512335;7279.814766;0.00091954;0.011545338;0.197956577;0.77936143;0.000153257;0.010063857;96.74631003;896.8751953;0;239;110.9079891;1095.660905;0;250;133.6498588;1118.105514;2;255;1.205051682;1.381446576;1.146379526;74985998;74767104;60058469;65259986;77248.44154;77001.46835;64968.0414;69602.42967;1;1;1;1;51482125;52600258;89095106;64349177;68767889.25;72205.09524;1;64381666.5;2
30842;36292;0.849829163;0.546659813;39269.25404;0.013745589;5310;0.664150943;0.881422925;0.573004954;102.1884668;7429.1842;0.000106712;0.0087504;0.256215985;0.734891331;0;3.56E-05;72.3094162;292.5949514;0;202;92.98449859;316.5246067;0;215;119.0610905;262.9047749;20;242;1.280440206;1.646550294;1.285925174;161618200;148001840;134954297;125528176;92555.45736;87316.8594;80803.37514;76184.51947;1;1;1;1;28204804;40022974;43467081;57428927;142525628.3;84215.05284;1;42280946.5;2
12196;20223;0.603075706;0.393825885;15528.42949;0.006640813;4804;0.410377358;1.240506329;0.354702297;97.16561295;7863.063089;0.004134615;0.052884615;0.868942308;0.074038462;0;0;116.0839012;776.5518913;0;248;125.2884151;685.0436911;0;252;151.6820857;662.8057572;25;255;1.210663297;1.306659098;1.079291907;73917208;59009354;51703891;52872092;101424.8682;89178.53182;81203.58393;82600.24616;1;1;1;1;27592970;51109030;66215215;56410796;59375636.25;88601.80752;1;50332002.75;2
18526;24613;0.752691667;0.43537319;23588.03581;0.019135445;3488;0.413333333;0.912037037;0.526989593;95.78239437;7707.114479;0.000179986;0.008219342;0.378569714;0.613030958;0;0;97.51562794;470.9307351;0;235;109.3045315;446.9065249;0;249;133.8369115;432.6800111;20;255;1.224440648;1.372466284;1.120892454;124763050;116784830;100456031;90552506;116056.6234;111307.8753;101201.4295;95705.08618;1;1;1;1;24088531;19488753;27791408;40090326;108139104.3;106067.7536;1;27864754.5;2
63567;73177;0.868674584;0.59417296;80936.01814;0.011356076;8387;0.790830946;0.904069767;0.526598858;86.94041677;7300.947598;0.003919199;0.182912292;0.580221108;0.232931071;0;1.63E-05;102.2268273;580.672134;0;244;117.5519568;740.3914801;0;253;153.1908928;618.8598611;22;255;1.303176033;1.498539051;1.149912991;66743924;63952950;51114067;58011848;72673.19594;70472.95613;58410.01421;65241.99014;1;1;1;1;57992370;69638221;111017440;76364887;59955697.25;66699.53911;1;78753229.5;2
17640;18357;0.96094133;0.674724602;22459.94557;0.067887863;1807;0.835227273;0.88372093;0.92785331;85.70798396;7511.08753;5.95E-05;0.013258814;0.51108865;0.475593079;0;0;83.36744768;900.1555574;3;183;93.42222807;775.0261024;10;193;122.1933;614.4922082;35;217;1.307968162;1.465719575;1.120607991;1696319;1578956;1276256;1310710;13707.4462;13087.08661;11505.40702;11667.56863;1;1;1;1;2763226;3654538;5372699;5001719;1465560.25;12491.87712;1;4198045.5;2
76428;120148;0.636115458;0.469171271;97311.15193;0.004928942;13959;0.624444444;0.804444444;0.786213001;101.9371558;8312.965924;2.83E-05;0.111416003;0.744550842;0.144004866;0;0;91.68159428;748.1197719;0;200;102.3290137;686.2330695;0;206;134.5559528;632.8053144;22;235;1.314934523;1.46764412;1.116134754;139005860;137206496;105754489;104665982;141385.3025;141415.7013;122031.7795;121638.8466;1;1;1;1;7453753;6597105;11525655;11248639;121658206.8;131617.9075;1;9206288;2
14718;21014;0.700390216;0.405008255;18739.53962;0.007840115;4857;0.428571429;0.686956522;0.976346914;97.42597403;7394.932832;0;0.011090117;0.545715929;0.443193954;0;0;74.09956066;741.0255327;2;228;87.70042517;605.9907254;11;234;119.5205074;470.7976237;37;255;1.362827;1.612971876;1.183548518;2733852;2363890;2048593;1989244;19361.56144;17794.18932;16057.71347;15918.84436;1;1;1;1;6562910;9611102;12697448;12648933;2283894.75;17283.07715;1;10380098.25;2
27941;34147;0.818256362;0.524270569;35575.58612;0.032222613;3301;0.665354331;0.819607843;0.976050301;97.73679727;8067.48592;7.52E-05;0.007712276;0.565704827;0.426507656;0;0;66.0019305;572.2239516;0;170;79.76743431;463.0925459;10;181;110.5388834;342.3867667;39;218;1.385764558;1.674782579;1.208562139;3254159;2888280;2399154;2434996;20426.10828;19070.23527;16942.1581;17182.61202;1;1;1;1;2645094;3387486;5019047;4563798;2744147.25;18405.27842;1;3903856.25;2
32573;67421;0.483128402;0.31854054;41473.23169;0.002917903;11844;0.169312169;0.839541547;0.914751023;88.56328234;7304.53918;0.00513731;0.246590866;0.650851811;0.097420013;0;0;112.5901385;1369.741909;6;232;124.9044768;1271.387526;11;246;158.3414294;939.2738743;36;255;1.267700194;1.406352558;1.109373151;6376321;5946894;5037650;5217170;30287.06309;29001.59366;25599.17585;26478.17561;1;1;1;1;28488833;37795440;52525339;44056551;5644508.75;27841.50205;1;40716540.75;2
9555;10862;0.879672252;0.65625;12165.80385;0.036169609;1822;0.608695652;0.861538462;0.995649987;91.23424125;7303.448633;0.002201112;0.432924004;0.508920297;0.055954588;0;0;123.792517;1085.418757;14;217;132.4617244;959.7373474;24;222;160.5253258;756.1266637;52;247;1.211861966;1.29672883;1.070030141;195532;224161;176414;178250;4051.843182;4547.870303;3668.010892;3780.082505;1;1;1;1;6264565;4863675;8490572;7047572;193589.25;4011.95172;1;6666596;2
10082;11307;0.891660034;0.646282051;12836.80109;0.058391692;1473;0.645833333;1.083333333;0.961498267;91.8874895;6968.87651;0.02922181;0.739862361;0.217575437;0.013340392;0;0;143.7456175;1330.229407;14;225;153.0051422;1137.062459;23;234;186.9125438;815.8494998;61;255;1.221609556;1.300300817;1.064416049;254164;225095;217042;197512;4598.308935;4114.463984;4003.082745;3639.256321;1;1;1;1;6237204;8374941;8744124;10981398;223453.25;4088.777996;1;8584416.75;2
35280;38195;0.92368111;0.616352201;44919.89114;0.034514568;3584;0.555205047;0.566037736;0.508724804;92.13812998;7518.454703;0.000742148;0.073947634;0.779938253;0.145371965;0;0;114.7912223;602.0412606;0;231;133.2637476;573.0789306;0;246;165.8044521;403.7911366;21;255;1.244182721;1.444400092;1.160922803;164195768;206402642;148224887;143037838;99283.52246;113577.7947;92176.60008;90063.66097;1;1;1;1;34741193;18902200;37214441;43929161;165465283.8;98775.39456;1;33696748.75;2
39296;61059;0.643574248;0.406118231;50033.22115;0.007264018;8245;0.29916318;0.434322034;0.460326523;92.76767387;7454.929086;0.008522649;0.390879659;0.472868646;0.127701375;2.77E-05;0;128.3563883;813.8824301;0;255;145.544056;865.8224235;0;252;181.189651;672.1887;18;255;1.24491275;1.411613815;1.133905822;58414066;61550392;49773539;49929524;75108.85414;77717.89852;66456.97378;66819.59685;1;1;1;1;61406376;51224529;84499146;83199159;54916880.25;71525.83082;1;70082302.5;2
25554;30102;0.848913693;0.577974804;32536.36333;0.022533821;3775;0.698795181;0.724696356;0.906303333;92.64457558;7492.558043;0.000372362;0.035870914;0.576334299;0.387381051;0;4.14E-05;85.7312282;769.4888722;0;218;101.2746703;877.6420666;1;228;135.6798033;833.7989971;25;255;1.339721007;1.582618214;1.181304321;2977440;3069558;2504841;2541122;17711.83918;18130.71746;15636.16846;15829.30808;1;1;1;1;9501852;8872331;14395116;12237105;2773240.25;16827.00829;1;11251601;2
29430;40470;0.727205337;0.463143648;37471.4398;0.00489509;8692;0.169139466;0.556213018;0.381907285;92.70991609;7559.651031;0.003987767;0.236147757;0.733749101;0.026115375;0;0;107.8431497;363.7887454;0;242;125.1662518;402.3130766;0;244;160.5138653;277.7941639;25;255;1.282405306;1.488401125;1.160632382;124811570;131312154;104411709;105273584;89284.68374;92233.29451;78121.682;78672.83671;1;1;1;1;40374434;34415482;57519830;56965416;116452254.3;84578.12424;1;47318790.5;2
48330;64309;0.75152778;0.480178838;61535.6672;0.008822354;8297;0.226804124;0.75136612;0.598006626;96.64616003;7338.467278;0.002105932;0.05821115;0.838280288;0.10140263;0;0;106.4384375;677.1926452;0;221;132.2258738;626.1034486;19;242;157.7612847;452.4749595;40;255;1.193119623;1.482183396;1.2422756;96862352;100223822;81155445;78333698;90235.48664;93008.24802;79811.12993;78334.77445;1;1;1;1;35646866;34864528;48652002;56749726;89143829.25;85347.40976;1;43978280.5;2
55004;58872;0.934298138;0.682770606;70033.26792;0.029862999;4811;2;0.557894737;0.65493883;86.66507073;7362.851696;0.006412674;0.477819691;0.495133912;0.020633723;0;0;147.1145804;1037.247232;8;246;157.3307674;944.7129387;19;250;185.1841602;644.6295414;43;255;1.177037163;1.258775029;1.069443742;64094344;68988264;55468581;58050072;67427.54956;71345.56519;58889.59872;62294.67842;1;1;1;1;71719548;65747669;103613613;93153440;61650315.25;64989.34797;1;83558567.5;2
16300;55146;0.295579008;0.216450216;20753.80458;0.001894514;10398;0.31085044;1.411255411;0.827343458;88.51338091;7143.003166;0.122539941;0.749209077;0.112016565;0.016222272;1.21E-05;0;130.1658781;644.9449656;0;232;146.6132003;657.7598493;4;242;168.3428378;545.7108285;27;255;1.148210648;1.293294681;1.126356634;102968162;135404938;87640871;94839206;80893.97124;96959.98683;71289.89926;75844.80991;1;1;1;1;63875791;52779234;92818290;85953570;105213294.3;81247.16681;1;73856721.25;2
11836;29428;0.402201985;0.222875005;15070.06325;0.002502108;7710;0.197530864;1.904191617;0.78413028;90.27942354;7188.769115;0.120310479;0.84788702;0.031802501;0;0;0;135.0797581;559.7895161;18;227;150.5746204;520.1380288;27;238;172.9073476;371.5303662;54;255;1.148316676;1.280038919;1.114708988;111634936;154858692;100994653;104295728;78800.0527;99000.47863;71625.5762;74249.28818;1;1;1;1;54122256;44522275;77442527;72705881;117946002.3;80918.84893;1;62198234.75;2
25232;48622;0.518942043;0.361697248;32126.38019;0.003481703;9543;0.48125;0.68125;0.718969832;101.4280808;7585.600181;4.83E-05;0.013678766;0.390255691;0.596017207;0;0;93.08530485;680.8910458;0;222;97.5255326;617.6196106;0;228;122.3837983;438.7896339;34;247;1.254889822;1.314748858;1.047700631;81382588;78112736;66073177;62756614;89503.46339;87004.70497;78023.81591;74928.80943;1;1;1;1;30929338;38059591;47054013;56156672;72081278.75;82365.19842;1;43049903.5;2
37249;45484;0.818947322;0.606661238;47426.8998;0.019998285;4838;0.553125;0.651465798;0.561249384;90.23901393;7313.816756;0.000540402;0.209021872;0.77177963;0.018658096;0;0;132.9928761;596.2797368;0;238;150.6919433;547.0600269;0;249;176.5174994;313.0867112;21;255;1.171379807;1.327270337;1.133082822;261780510;340756322;219812435;228541538;117886.4952;136968.1275;105653.8593;108402.0512;1;1;1;1;14554603;9032416;20443657;17814460;262722701.3;117227.6333;1;15461284;2
22475;35629;0.630806366;0.4886082;28616.05877;0.007084357;6314;0.728033473;1.033175355;0.62397964;92.59660697;7207.081006;0;0.013473443;0.94064402;0.045882537;0;0;116.8032841;665.987469;0;180;139.3399971;492.623369;21;197;169.7278646;382.7874006;49;223;1.218084313;1.453108668;1.192945884;94200232;142022096;96713353;80192900;92126.41509;116663.2021;92646.01009;82449.77542;1;1;1;1;24187307;11827939;23604199;33385587;103282145.3;95971.35068;1;23251258;2
30829;31764;0.970564161;0.635977308;39252.70192;0.038796731;3160;0.584837545;0.631768953;0.563082616;95.82789628;7355.609653;0.001085334;0.160595577;0.781847782;0.056471306;0;0;124.7147099;424.9811596;2;242;134.7417314;370.3278771;5;246;156.5779455;241.2529876;36;255;1.162059771;1.255488993;1.08039967;175876406;164188854;135443993;139925580;101841.2568;98384.09734;85647.56151;87999.60526;1;1;1;1;22093624;24603128;37548135;33668070;153858708.3;93468.13023;1;29478239.25;2
31220;39998;0.780539027;0.574615328;39750.53859;0.016858858;4824;0.551948052;0.650519031;0.739315074;96.74427825;7794.652033;6.96E-05;0.006120462;0.748713312;0.245096675;0;0;106.2952301;390.5877068;0;209;121.8069974;363.0722015;0;222;141.0100606;219.2763965;14;236;1.15765156;1.326588789;1.145930982;445975708;601098610;379909675;381915560;136112.86;158353.7197;123154.2442;123861.0007;1;1;1;1;10456427;6120959;13911831;13638502;452224888.3;135370.4561;1;11031929.75;2
25018;27268;0.917485698;0.732162716;31853.90693;0.05485474;2394;0.711009174;0.845771144;0.578339466;102.8723251;8011.937886;4.18E-05;0.007941484;0.606269592;0.385747126;0;0;101.403587;513.8172817;0;192;112.5669433;485.8703891;0;200;144.2164401;532.9567348;27;237;1.281161555;1.422202551;1.110088377;150888144;146704476;116916673;111018968;138386.4454;136078.0623;119661.5899;116250.0803;1;1;1;1;6827809;6920992;10736862;11537728;131382065.3;127594.0445;1;9005847.75;2
37314;42647;0.874950172;0.620246011;47509.66037;0.021704482;4648;0.539184953;0.5875;0.734665066;102.1941552;8343.513101;0;0.004286112;0.348037851;0.647676037;0;0;103.2205656;991.2847107;0;218;110.3615731;985.2070091;0;222;133.9922405;974.3250016;27;250;1.214120429;1.298115736;1.069182023;125972752;166150466;101909159;109863996;144666.5889;165610.0327;128558.5238;134113.789;1;1;1;1;5649142;4631844;9056851;8152887;125974093.3;143237.2336;1;6872681;2
32421;43351;0.747872021;0.526229508;41279.69928;0.010238891;6308;0.137254902;0.662295082;0.583563341;96.308969;8144.157891;0;0.00405554;0.398783338;0.597161122;0;0;104.1804349;624.0509737;0;236;112.7379885;588.8163135;0;235;140.4446563;406.7371619;19;255;1.245761595;1.348090517;1.082141657;227867816;280562872;183367483;220919070;119816.5592;134001.7253;104148.4293;115965.5824;1;1;1;1;13430763;9440827;22364043;13108368;228179310.3;118483.0741;1;14586000.25;2
35719;56699;0.629975837;0.426332625;45478.8433;0.00710548;7948;0.333333333;0.788343558;0.5283806;93.64897908;7848.446106;0.000297292;0.016856438;0.705800161;0.27704611;0;0;98.70125353;517.6936719;0;233;108.4442267;418.2104369;0;239;124.9175877;342.0856488;12;252;1.151906298;1.265612981;1.098711747;151133654;148566750;109228545;125399948;120325.3604;117697.5308;99086.84887;107146.009;1;1;1;1;16761634;22946061;32013761;28082604;133582224.3;111063.9373;1;24951015;2
19224;23672;0.812098682;0.543096873;24476.75701;0.013905871;4168;0.45754717;1.210526316;0.434526029;96.44923982;7070.557706;0.000235516;0.005652379;0.071066886;0.917628356;0;0.005416863;89.14013359;694.5696428;0;244;106.3789548;787.3767617;0;249;145.2869409;1105.10503;6;255;1.365748904;1.629871249;1.193390121;66455676;56606110;50631785;47487172;89414.52326;82324.10283;75701.81371;72683.46476;1;1;1;1;42198478;64220486;81702669;83988658;55295185.75;80030.97614;1;68027572.75;2
31972;45446;0.703516261;0.460877587;40708.01472;0.010890056;6074;0.284697509;1.146341463;0.629391707;94.06767291;7155.54858;0.003404603;0.270768078;0.719426665;0.006400654;0;0;115.7579655;534.3351899;0;233;138.1451301;532.6378503;14;246;178.8360935;647.0486113;59;255;1.294552283;1.54491393;1.19339632;91219340;73344306;65339043;62449832;113931.1326;100750.5221;93048.67986;90907.20629;1;1;1;1;16143115;27152298;32218602;35124462;73088130.25;99659.38523;1;27659619.25;2
